RP,RP_Start,RP_End,Months_since_start,CP_C,Annual_Credit_C,Annual_Credit_C_Adj
1,31/10/2025,30/06/2026,60,37737.8355,37737.8355,18687.62663
2,31/10/2026,30/06/2027,72,45201.7798,7463.9443,5597.958225
3,31/10/2027,30/06/2028,84,52665.7241,7463.9443,5597.958225
4,31/10/2028,30/06/2029,96,60129.6684,7463.9443,5597.958225
5,31/10/2029,30/06/2030,108,67593.6127,7463.9443,5597.958225
6,31/10/2030,30/06/2031,120,75057.557,7463.9443,5597.958225
7,31/10/2031,30/06/2032,132,82521.5013,7463.9443,5597.958225
8,31/10/2032,30/06/2033,144,89985.4456,7463.9443,5597.958225
9,31/10/2033,30/06/2034,156,97449.3899,7463.9443,5597.958225
10,31/10/2034,30/06/2035,168,104913.3342,7463.9443,5597.958225
11,31/10/2035,30/06/2036,180,112377.2785,7463.9443,5597.958225
12,31/10/2036,30/06/2037,192,112377.2785,0,0
13,31/10/2037,30/06/2038,204,112377.2785,0,0
14,31/10/2038,30/06/2039,216,112377.2785,0,0
15,31/10/2039,30/06/2040,228,112377.2785,0,0
16,31/10/2040,30/06/2041,240,112377.2785,0,0
17,31/10/2041,30/06/2042,252,112377.2785,0,0
18,31/10/2042,30/06/2043,264,112377.2785,0,0
19,31/10/2043,30/06/2044,276,112377.2785,0,0
20,31/10/2044,30/06/2045,288,112377.2785,0,0
21,31/10/2045,30/06/2046,300,112377.2785,0,0
